Subreddit,averageGoldenRatio
announcements,8.61561264
funny,0.27595822
AskReddit,4.75513196
gaming,5.27961044
pics,3.34242692
science,0
worldnews,1.66608618
aww,1.78101374
movies,0.45905953
todayilearned,0.22964886
videos,1.6232582
Music,0.23198038
IAmA,2.43032179
news,1.42664198
gifs,1.17088546
EarthPorn,0.53002761
Showerthoughts,0.79950348
askscience,0.82067549
blog,7.45518293
Jokes,1.58004898
explainlikeimfive,0
books,0.1448823
food,0
LifeProTips,1.18506052
DIY,0.2991923
mildlyinteresting,0
Art,1.51058704
sports,0
space,2.33401561
gadgets,0.46825208
nottheonion,0
television,1.10752697
photoshopbattles,0.16090378
Documentaries,0.16143806
GetMotivated,2.12102401
listentothis,0
UpliftingNews,0.49450301
tifu,4.34191192
InternetIsBeautiful,1.38117802
history,0
Futurology,2.10349448
philosophy,0
OldSchoolCool,1.05812518
WritingPrompts,0
personalfinance,0.35757852
dataisbeautiful,0.7173308
nosleep,3.12519925
creepy,2.25354369
TwoXChromosomes,5.98481387
technology,0.30197938
AdviceAnimals,0
Fitness,1.99046265
memes,1.43722782
WTF,1.68268708
wholesomememes,0.44070204
politics,8.12128545
bestof,2.42522625
interestingasfuck,2.78516316
BlackPeopleTwitter,1.98927214
oddlysatisfying,4.81072947